symbol,date,close,high,low,open,volume,adjClose,adjHigh,adjLow,adjOpen,adjVolume,divCash,splitFactor
MSFT,2020-01-02,160.62,160.73,158.33,158.78,22634546,158.2076992245,158.3160471694,155.9520920073,156.3953336002,22634546,0.0,1.0
MSFT,2020-01-03,158.62,159.95,158.06,158.32,21121681,156.2377365894,157.5477617417,155.6861470516,155.9422421941,21121681,0.0,1.0
MSFT,2020-01-06,159.03,159.1,156.51,157.08,20826702,156.6415789296,156.7105276218,154.1594260094,154.7208653604,20826702,0.0,1.0
MSFT,2020-01-07,157.58,159.67,157.32,159.32,21881740,155.2133560192,157.2719669728,154.9572608766,156.9272235117,21881740,0.0,1.0
MSFT,2020-01-08,160.09,160.8,157.95,158.93,27762026,157.6856591262,158.3849958617,155.5777991066,156.5430807978,27762026,0.0,1.0
MSFT,2020-01-09,162.09,162.22,161.03,161.84,21399951,159.6556217613,159.7836693326,158.6115415647,159.4093764319,21399951,0.0,1.0
MSFT,2020-01-10,161.34,163.22,161.18,162.82,20733946,158.9168857731,160.7686506501,158.7592887623,160.3746581231,20733946,0.0,1.0
MSFT,2020-01-13,163.28,163.31,161.26,161.76,18666414,160.8277495292,160.8572989687,158.8380872677,159.3305779265,18666414,0.0,1.0
MSFT,2020-01-14,162.13,163.6,161.72,163.39,23500783,159.695021014,161.1429435508,159.2911786738,160.9360974741,23500783,0.0,1.0
MSFT,2020-01-15,163.18,163.94,162.57,162.62,21417871,160.7292513974,161.4778371988,160.1284127937,160.1776618596,21417871,0.0,1.0
MSFT,2020-01-16,166.17,166.24,164.03,164.35,23865360,163.6743455369,163.7432942291,161.5664855173,161.8816795389,23865360,0.0,1.0
MSFT,2020-01-17,167.1,167.47,165.43,167.42,34371659,164.5903781622,164.9548212497,162.9454593619,164.9055721838,34371659,0.0,1.0
MSFT,2020-01-21,166.5,168.19,166.43,166.68,29223486,163.9993893717,165.6640077983,163.9304406794,164.1766860088,29223486,0.0,1.0
MSFT,2020-01-22,165.7,167.49,165.68,167.4,24138777,163.2114043176,164.974520876,163.1917046913,164.8858725575,24138777,0.0,1.0
MSFT,2020-01-23,166.72,166.8,165.27,166.19,19680766,164.2160852615,164.2948837669,162.7878623511,163.6940451632,19680766,0.0,1.0
MSFT,2020-01-24,165.04,167.53,164.45,167.51,24918117,162.5613166481,165.0139201287,161.9801776707,164.9942205024,24918117,0.0,1.0
MSFT,2020-01-27,162.28,163.38,160.2,161.15,32078067,159.8427682116,160.9262476609,157.7940070711,158.7297393228,32078067,0.0,1.0
MSFT,2020-01-28,165.46,165.76,163.07,163.78,24899940,162.9750088014,163.2705031967,160.6209034525,161.3202401879,24899940,0.0,1.0
MSFT,2020-01-29,168.04,168.75,165.69,167.84,35127771,165.5162606007,166.2155973362,163.2015545045,165.3192643372,35127771,0.0,1.0
MSFT,2020-01-30,172.78,174.05,170.79,174.05,51597470,170.1850720459,171.4359983192,168.224959224,171.4359983192,51597470,0.0,1.0
MSFT,2020-01-31,170.23,172.4,169.58,172.21,36142690,167.6733696861,169.8107791452,167.0331318297,169.6236326949,36142690,0.0,1.0
MSFT,2020-02-03,174.38,174.5,170.4,170.43,30149052,171.761042154,171.8792399121,167.8408165101,167.8703659496,30149052,0.0,1.0
MSFT,2020-02-04,180.12,180.64,176.31,177.14,36433339,177.4148349167,177.9270252018,173.6620560968,174.4795905904,36433339,0.0,1.0
MSFT,2020-02-05,179.9,184.2,178.41,184.03,39186324,177.1981390268,181.4335586923,175.7305168637,181.2661118683,39186324,0.0,1.0
MSFT,2020-02-06,183.63,183.82,180.06,180.97,27751381,180.8721193413,181.0592657916,177.3557360376,178.2520690366,27751381,0.0,1.0
MSFT,2020-02-07,183.89,185.63,182.48,182.85,33529074,181.1282144838,182.8420819764,179.7393908261,180.1038339136,33529074,0.0,1.0
MSFT,2020-02-10,188.7,188.84,183.25,183.58,35844267,185.8659746212,186.0038720057,180.4978264406,180.8228702754,35844267,0.0,1.0
MSFT,2020-02-11,184.44,190.7,183.5,190.65,53159906,181.6699542085,187.8359372563,180.74407177,187.7866881905,53159906,0.0,1.0
MSFT,2020-02-12,184.71,185.85,181.85,185.58,47062921,181.9358991642,183.0587778662,179.118852596,182.7928329105,47062921,0.0,1.0
MSFT,2020-02-13,183.71,186.23,182.87,183.08,35295834,180.9509178467,183.4330707669,180.1235335399,180.3303796166,35295834,0.0,1.0
MSFT,2020-02-14,185.35,185.41,182.65,183.25,23149516,182.5662872074,182.6253860865,179.9068376501,180.4978264406,23149516,0.0,1.0
MSFT,2020-02-18,187.23,187.7,185.5,185.61,27853113,184.4180520844,184.8809933037,182.7140344051,182.82238235,27853113,0.0,1.0
MSFT,2020-02-19,187.28,188.18,186.47,188.06,29997471,184.9696416223,185.8585388748,184.169634095,185.7400192412,29997471,0.51,1.0
MSFT,2020-02-20,184.42,187.25,181.1,186.95,36862376,182.1449236863,184.9400117138,178.865880488,184.6437126297,36862376,0.0,1.0
MSFT,2020-02-21,178.59,183.5,177.25,183.17,48600385,176.386844817,181.2362731615,175.0633755743,180.9103441689,48600385,0.0,1.0
MSFT,2020-02-24,170.89,174.55,163.23,167.77,68311066,168.7818349895,172.3966838166,161.2163317065,165.7003245139,68311066,0.0,1.0
MSFT,2020-02-25,168.07,174.84,167.65,174.2,68073295,165.9966235981,172.6831062646,165.5818048802,172.0510015517,68073295,0.0,1.0
MSFT,2020-02-26,170.17,173.26,168.21,169.71,56387148,168.0707171874,171.1225977546,166.1348965041,167.616391925,56387148,0.0,1.0
MSFT,2020-02-27,158.18,167.03,157.98,163.32,93174906,156.2286304561,164.9694534396,156.0310977333,161.3052214318,93174906,0.0,1.0
MSFT,2020-02-28,162.01,163.71,152.0,152.41,97073557,160.0113820975,161.6904102412,150.1248693218,150.5298114035,97073557,0.0,1.0
MSFT,2020-03-02,172.79,172.92,162.31,165.31,71030810,170.658395856,170.7867921258,160.3076811817,163.2706720236,71030810,0.0,1.0
MSFT,2020-03-03,164.51,175.0,162.26,173.8,71677019,162.4805411324,172.8411324428,160.258298001,171.6559361061,71677019,0.0,1.0
MSFT,2020-03-04,170.55,170.7,165.62,168.49,49814383,168.4460293607,168.5941789028,163.5768477439,166.411442316,49814383,0.0,1.0
MSFT,2020-03-05,166.27,170.87,165.69,166.05,47817251,164.218829093,168.7620817172,163.6459841969,164.0015430979,47817251,0.0,1.0
MSFT,2020-03-06,161.57,163.11,156.0,162.61,72821057,159.5768101074,161.0978120729,154.0755237776,160.6039802659,72821057,0.0,1.0
MSFT,2020-03-09,150.62,157.75,150.0,151.0,70419274,148.7618935345,155.8039351021,148.1495420939,149.1372057078,70419274,0.0,1.0
MSFT,2020-03-10,160.92,161.03,152.58,158.16,65354385,158.9348287583,159.0434717558,150.6977142179,156.2088771838,65354385,0.0,1.0
MSFT,2020-03-11,153.63,157.7,151.15,157.13,56504304,151.7347610125,155.7545519214,149.2853552499,155.1915836614,56504304,0.0,1.0
MSFT,2020-03-12,139.06,153.47,138.58,145.3,93226366,137.3445021572,151.5767348343,136.8704236225,143.5075231083,93226366,0.0,1.0
MSFT,2020-03-13,158.83,161.91,140.73,147.5,92727446,156.8706118051,159.9126157361,138.9939003925,145.680383059,92727446,0.0,1.0
MSFT,2020-03-16,135.42,149.35,135.0,140.0,87905868,133.7494066023,147.5075607448,133.3345878845,138.2729059543,87905868,0.0,1.0
MSFT,2020-03-17,146.57,147.5,135.0,140.0,81059817,144.761855898,145.680383059,133.3345878845,138.2729059543,81059817,0.0,1.0
MSFT,2020-03-18,140.4,146.0,135.02,138.0,81593173,138.6679713999,144.198887638,133.3543411568,136.2975787264,81593173,0.0,1.0
MSFT,2020-03-19,142.71,150.15,139.0,142.77,85922661,140.9494743481,148.297691636,137.2852423403,141.0087341649,85922661,0.0,1.0
MSFT,2020-03-20,137.35,147.1,135.86,146.0,84866215,135.6555973773,145.2853176134,134.1839785925,144.198887638,84866215,0.0,1.0
MSFT,2020-03-23,135.98,140.57,132.52,137.01,78975176,134.3024982262,138.8358742142,130.8851821219,135.3197917485,78975176,0.0,1.0
MSFT,2020-03-24,148.34,149.6,141.27,143.75,82516727,146.5100204947,147.7544766483,139.527238744,141.9766445066,82516727,0.0,1.0
MSFT,2020-03-25,146.92,154.33,144.44,148.91,75638224,145.1075381629,152.4261255423,142.6581324003,147.0729887547,75638224,0.0,1.0
MSFT,2020-03-26,156.11,156.66,148.37,148.4,64694427,154.1841667752,154.7273817628,146.5396504031,146.5692803115,64694427,0.0,1.0
MSFT,2020-03-27,149.7,154.89,149.2,151.75,57042291,147.8532430097,152.9792171661,147.3594112027,149.8779534183,57042291,0.0,1.0
MSFT,2020-03-30,160.23,160.6,150.01,152.44,63420326,158.2533408647,158.6187764018,148.15941873,150.5594413119,63420326,0.0,1.0
MSFT,2020-03-31,157.71,164.78,156.56,159.4,77927186,155.7644285575,162.7472103082,154.6286154014,157.4335800651,77927186,0.0,1.0
MSFT,2020-04-01,152.11,157.75,150.82,153.0,57969926,150.2335123193,155.8039351021,148.9594262573,151.1125329357,57969926,0.0,1.0
MSFT,2020-04-02,155.26,155.48,150.36,151.86,49630735,153.3446527033,153.5619386984,148.5051009949,149.9865964158,49630735,0.0,1.0
MSFT,2020-04-03,153.83,157.38,152.19,155.1,41243284,151.9322937353,155.4384995649,150.3125254084,153.1866265251,41243284,0.0,1.0
MSFT,2020-04-06,165.27,166.5,157.58,160.32,67111697,163.231165479,164.4459917242,155.6360322877,158.3422305899,67111697,0.0,1.0
MSFT,2020-04-07,163.49,170.0,163.26,169.59,62769038,161.4731242462,167.9028143731,161.245961615,167.4978722913,62769038,0.0,1.0
MSFT,2020-04-08,165.13,166.67,163.5,165.67,48318234,163.0928925731,164.6138945386,161.4830008823,163.6262309246,48318234,0.0,1.0
MSFT,2020-04-09,165.14,167.37,163.33,166.36,51431775,163.1027692092,165.3052590683,161.3150980679,164.3077188182,51431775,0.0,1.0
MSFT,2020-04-13,165.51,165.57,162.3,164.35,41905264,163.4682047464,163.5274645632,160.2978045456,162.3225149542,41905264,0.0,1.0
MSFT,2020-04-14,173.7,173.75,168.0,169.0,52874338,171.5571697447,171.6065529254,165.9274871451,166.9151507591,52874338,0.0,1.0
MSFT,2020-04-15,171.88,173.57,169.24,171.2,40940833,169.7596219673,171.4287734749,167.1521900264,169.0880107098,40940833,0.0,1.0
MSFT,2020-04-16,177.04,177.28,172.9,174.3,50479610,174.8559662153,175.0930054827,170.7670388535,172.1497679131,50479610,0.0,1.0
MSFT,2020-04-17,178.6,180.0,175.87,179.5,52765625,176.3967214531,177.7794505126,173.700399787,177.2856187057,52765625,0.0,1.0
MSFT,2020-04-20,175.06,178.75,174.99,176.63,36669595,172.9003922597,176.5448709952,172.8312558067,174.4510241336,36669595,0.0,1.0
MSFT,2020-04-21,167.82,173.67,166.11,173.5,56203749,165.7497076946,171.5275398363,164.0608029148,171.3596370219,56203749,0.0,1.0
MSFT,2020-04-22,173.52,174.0,170.82,171.39,34651604,171.3793902942,171.8534688289,168.7126985365,169.2756667965,34651604,0.0,1.0
MSFT,2020-04-23,171.42,175.06,170.91,174.11,32790804,169.3052967049,172.9003922597,168.8015882618,171.9621118264,32790804,0.0,1.0
MSFT,2020-04-24,174.55,174.56,170.71,172.06,34305320,172.3966838166,172.4065604527,168.604055539,169.9374014178,34305320,0.0,1.0
MSFT,2020-04-27,174.05,176.9,173.3,176.59,33194384,171.9028520096,174.7176933094,171.1621042991,174.411517589,33194384,0.0,1.0
MSFT,2020-04-28,169.81,175.67,169.39,175.59,34392694,167.7151582864,173.5028670642,167.3003395685,173.4238539751,34392694,0.0,1.0
MSFT,2020-04-29,177.43,177.68,171.88,173.22,51286559,175.2411550248,175.4880709283,169.7596219673,171.08309121,51286559,0.0,1.0
MSFT,2020-04-30,179.21,180.4,176.23,180.0,53875857,176.9991962576,178.1745159582,174.055958688,177.7794505126,53875857,0.0,1.0
MSFT,2020-05-01,174.57,178.64,174.01,175.8,39370474,172.4164370888,176.4362279977,171.863345465,173.631263334,39370474,0.0,1.0
MSFT,2020-05-04,178.84,179.0,173.8,174.49,30372862,176.6337607204,176.7917868987,171.6559361061,172.3374239997,30372862,0.0,1.0
MSFT,2020-05-05,180.76,183.65,179.9,180.62,36839168,178.5300748593,181.3844227036,177.6806841512,178.3918019533,36839168,0.0,1.0
MSFT,2020-05-06,182.54,184.2,181.63,182.08,32139299,180.2881160921,181.9276376913,179.3893422034,179.8337908297,32139299,0.0,1.0
MSFT,2020-05-07,183.6,184.55,182.58,184.17,28315992,181.3350395229,182.2733199562,180.3276226367,181.8980077829,28315992,0.0,1.0
MSFT,2020-05-08,184.68,185.0,183.36,184.98,30912638,182.401716226,182.7177685824,181.0980002555,182.6980153102,30912638,0.0,1.0
MSFT,2020-05-11,186.74,187.51,182.85,183.15,30892660,184.4363032707,185.1968042535,180.5942918124,180.8905908966,30892660,0.0,1.0
MSFT,2020-05-12,182.51,187.04,182.3,186.8,32038199,180.2584861837,184.7326023549,180.0510768247,184.4955630876,32038199,0.0,1.0
MSFT,2020-05-13,179.75,184.05,176.54,182.55,44711488,177.5325346092,181.7794881492,174.3621344083,180.2979927282,44711488,0.0,1.0
MSFT,2020-05-14,180.53,180.69,175.68,177.54,41873911,178.302912228,178.4609384063,173.5127437003,175.3497980223,41873911,0.0,1.0
MSFT,2020-05-15,183.16,187.06,177.0,179.06,46610382,180.9004675328,184.7523556272,174.8164596708,176.8510467155,46610382,0.0,1.0
MSFT,2020-05-18,184.91,186.2,183.96,185.75,35306620,182.6288788572,183.9029649192,181.6905984239,183.4585162929,35306620,0.0,1.0
MSFT,2020-05-19,183.63,186.6,183.49,185.03,26799116,181.3646694313,184.2980303648,181.2263965254,182.7473984909,26799116,0.0,1.0
MSFT,2020-05-20,185.66,185.85,183.94,184.81,31261334,183.8733350108,184.0615065806,182.1698871156,183.03151483,31261334,0.51,1.0
MSFT,2020-05-21,183.43,186.67,183.29,185.4,29032741,181.6647950071,184.8736154608,181.5261422715,183.6158370731,29032741,0.0,1.0
MSFT,2020-05-22,183.51,184.46,182.54,183.19,20826898,181.7440251418,182.6848829909,180.7833597591,181.4271046032,20826898,0.0,1.0
MSFT,2020-05-26,181.57,186.5,181.1,186.34,36073609,179.8226943763,184.7052514247,179.3572173352,184.5467911554,36073609,0.0,1.0
MSFT,2020-05-27,181.81,181.99,176.6,180.2,39517146,180.0603847803,180.2386525833,174.9005222606,178.4658783203,39517146,0.0,1.0
MSFT,2020-05-28,181.4,184.15,180.38,180.74,33831824,179.6543303402,182.3778662191,178.6441461233,179.0006817292,33831824,0.0,1.0
MSFT,2020-05-29,183.25,184.27,180.41,182.73,42146720,181.4865272042,182.4967114211,178.6738574237,180.9715313289,42146720,0.0,1.0
MSFT,2020-06-01,182.83,183.0,181.46,182.54,22668821,181.0705689972,181.2389330333,179.7137529412,180.7833597591,22668821,0.0,1.0
MSFT,2020-06-02,184.91,185.0,181.35,184.25,30794585,183.1305524983,183.2196863998,179.604811506,182.4769038874,30794585,0.0,1.0
MSFT,2020-06-03,185.36,185.94,183.58,184.82,27311016,183.5762220058,184.1506404821,181.8133515096,183.0414185968,27311016,0.0,1.0
MSFT,2020-06-04,182.92,185.84,182.3,184.3,28761809,181.1597028987,184.0516028138,180.5456693551,182.5264227216,28761809,0.0,1.0
MSFT,2020-06-05,187.2,187.73,182.01,182.62,39893643,185.398515103,185.9234147451,180.2584601169,180.8625898937,39893643,0.0,1.0
MSFT,2020-06-08,188.36,188.55,184.44,185.94,33211590,186.5473520555,186.7355236253,182.6650754572,184.1506404821,33211590,0.0,1.0
MSFT,2020-06-09,189.8,190.7,187.26,188.0,29783916,187.9734944794,188.8648334943,185.457937704,186.1908164496,29783916,0.0,1.0
MSFT,2020-06-10,196.84,198.52,191.01,191.13,43872329,194.9457463294,196.6095791573,189.1718502661,189.2906954681,43872329,0.0,1.0
MSFT,2020-06-11,186.27,195.76,186.07,193.13,52854672,184.4774647875,193.8761395115,184.2793894509,191.2714488346,52854672,0.0,1.0
MSFT,2020-06-12,187.74,191.72,185.18,190.54,43373587,185.9333185119,189.8750177112,183.3979542028,188.706373225,43373587,0.0,1.0
MSFT,2020-06-15,188.94,190.82,184.01,184.58,32770189,187.1217705318,188.9836786963,182.2392134834,182.8037281929,32770189,0.0,1.0
MSFT,2020-06-16,193.57,195.58,191.46,192.89,42556656,191.7072145752,193.6978717085,189.6175197736,191.0337584306,42556656,0.0,1.0
MSFT,2020-06-17,194.24,196.32,193.69,195.03,25687822,192.370766953,194.4307504541,191.8260597772,193.1531645328,25687822,0.0,1.0
MSFT,2020-06-18,196.32,196.49,194.0,194.0,23061648,194.4307504541,194.5991144903,192.133076549,192.133076549,23061648,0.0,1.0
MSFT,2020-06-19,195.15,199.29,194.37,198.59,44441141,193.2720097347,197.3721692034,192.4995159218,196.6789055251,44441141,0.0,1.0
MSFT,2020-06-22,200.57,200.76,195.23,195.79,32818929,198.6398513579,198.8280229277,193.3512398694,193.905850812,32818929,0.0,1.0
MSFT,2020-06-23,201.91,203.95,201.43,202.09,30917447,199.9669561135,201.9873245473,199.4915753055,200.1452239164,30917447,0.0,1.0
MSFT,2020-06-24,197.84,203.25,196.56,201.6,36740647,195.9361230127,201.294060869,194.6684408581,199.6599393417,36740647,0.0,1.0
MSFT,2020-06-25,200.34,200.61,195.47,197.8,27803933,198.4120647208,198.6794664252,193.5889302734,195.8965079453,27803933,0.0,1.0
MSFT,2020-06-26,196.33,199.89,194.88,199.73,54675780,194.440654221,197.9663952133,193.0046080303,197.807934944,54675780,0.0,1.0
MSFT,2020-06-29,198.44,198.53,193.55,195.78,26701586,196.5303490226,196.6194829241,191.6874070416,193.8959470452,26701586,0.0,1.0
MSFT,2020-06-30,203.51,204.4,197.74,197.88,34310283,201.5515588066,202.4329940547,195.8370853443,195.97573808,34310283,0.0,1.0
MSFT,2020-07-01,204.7,206.35,201.77,203.14,32071431,202.7301070597,204.3642285871,199.8283033778,201.1851194338,32071431,0.0,1.0
MSFT,2020-07-02,206.26,208.02,205.0,205.68,29322547,204.2750946856,206.0181576481,203.0272200647,203.7006762093,29322547,0.0,1.0
MSFT,2020-07-06,210.7,211.13,208.09,208.83,32033747,208.6723671592,209.098229133,206.0874840159,206.8203627615,32033747,0.0,1.0
MSFT,2020-07-07,208.25,214.67,207.99,210.45,33600749,206.2459442852,212.6041625916,205.9884463476,208.4247729883,33600749,0.0,1.0
MSFT,2020-07-08,212.83,213.26,208.69,210.07,33602226,210.7818694945,211.2077314683,206.6817100258,208.0484298487,33602226,0.0,1.0
MSFT,2020-07-09,214.32,216.38,211.47,216.33,33122280,212.2575307525,214.29770672,209.4349572053,214.2481878858,33122280,0.0,1.0
MSFT,2020-07-10,213.67,214.08,211.08,213.62,26178663,211.6137859084,212.0198403485,209.0487102988,211.5642670742,26178663,0.0,1.0
MSFT,2020-07-13,207.07,215.8,206.5,214.48,38135816,205.077299799,213.7232882437,204.5127850895,212.4159910218,38135816,0.0,1.0
MSFT,2020-07-14,208.35,208.85,202.03,206.13,37598121,206.3449819535,206.8401702952,200.0858013154,204.1463457167,37598121,0.0,1.0
MSFT,2020-07-15,208.04,211.33,205.03,209.56,32248893,206.0379651817,209.2963044696,203.0569313652,207.5433377403,32248893,0.0,1.0
MSFT,2020-07-16,203.92,205.7,202.31,205.4,29940718,201.9576132468,203.7204837429,200.3631067868,203.423370738,29940718,0.0,1.0
MSFT,2020-07-17,202.88,205.04,201.39,204.47,31636070,200.9276214962,203.066835132,199.4519602382,202.5023204226,31636070,0.0,1.0
MSFT,2020-07-20,211.6,212.3,203.01,205.0,36386080,209.5637061741,210.2569698523,201.056370465,203.0272200647,36386080,0.0,1.0
MSFT,2020-07-21,208.75,213.94,208.03,213.66,37702523,206.7411326268,211.8811876129,206.0280614149,211.6038821416,37702523,0.0,1.0
MSFT,2020-07-22,211.75,212.3,208.39,209.2,49605692,209.7122626766,210.2569698523,206.3845970209,207.1868021343,49605692,0.0,1.0
MSFT,2020-07-23,202.54,210.92,202.15,207.19,67457035,200.5908934239,208.8902500295,200.2046465174,205.196145001,67457035,0.0,1.0
MSFT,2020-07-24,201.3,202.86,197.51,200.42,39826989,199.3628263367,200.9078139625,195.6092987072,198.4912948554,39826989,0.0,1.0
MSFT,2020-07-27,203.85,203.97,200.86,201.47,30160867,201.8882868789,202.0071320809,198.9270605961,199.5311903728,30160867,0.0,1.0
MSFT,2020-07-28,202.02,204.7,201.74,203.61,23251388,200.0758975486,202.7301070597,199.7985920773,201.650596475,23251388,0.0,1.0
MSFT,2020-07-29,204.06,204.65,202.01,202.5,19632602,202.0962659824,202.6805882255,200.0659937818,200.5512783566,19632602,0.0,1.0
MSFT,2020-07-30,203.9,204.46,199.57,201.0,25079596,201.9378057131,202.4924166557,197.6494746747,199.0657133317,25079596,0.0,1.0
MSFT,2020-07-31,205.01,205.1,199.01,204.4,51247969,203.0371238315,203.126257733,197.0948637321,202.4329940547,51247969,0.0,1.0
MSFT,2020-08-03,216.54,217.64,210.44,211.52,78983009,214.4561669893,215.5455813409,208.4148692215,209.4844760394,78983009,0.0,1.0
MSFT,2020-08-04,213.29,214.77,210.31,214.17,49280056,211.2374427688,212.70320026,208.2861202527,212.10897425,49280056,0.0,1.0
MSFT,2020-08-05,212.94,215.0,211.57,214.9,28858621,210.8908109296,212.9309868971,209.5339948736,212.8319492288,28858621,0.0,1.0
MSFT,2020-08-06,216.35,216.3705,211.55,212.34,32656843,214.2679954195,214.2882981415,209.5141873399,210.2965849197,32656843,0.0,1.0
MSFT,2020-08-07,212.48,215.7,210.93,214.85,27820421,210.4352376553,213.6242505754,208.9001537963,212.7824303946,27820421,0.0,1.0
MSFT,2020-08-10,208.25,211.88,206.35,211.67,36716462,206.2459442852,209.8410116454,204.3642285871,209.6330325419,36716462,0.0,1.0
MSFT,2020-08-11,203.38,207.65,203.14,207.155,36446459,201.4228098378,205.6517182753,201.1851194338,205.1614818171,36446459,0.0,1.0
MSFT,2020-08-12,209.19,210.28,204.75,205.29,28041364,207.1768983675,208.2564089522,202.7796258939,203.3144293028,28041364,0.0,1.0
MSFT,2020-08-13,208.7,211.35,208.15,209.44,22588870,206.6916137927,209.3161120033,206.1469066169,207.4244925383,22588870,0.0,1.0
MSFT,2020-08-14,208.9,209.59,207.51,208.76,17958936,206.8896891293,207.5730490408,205.5130655396,206.7510363937,17958936,0.0,1.0
MSFT,2020-08-17,210.28,211.1874,208.915,209.6,20063496,208.2564089522,209.1550767546,206.9045447796,207.5829528076,20063496,0.0,1.0
MSFT,2020-08-18,211.49,212.36,209.21,210.53,21336167,209.4547647389,210.3163924533,207.1967059011,208.504003123,21336167,0.0,1.0
MSFT,2020-08-19,209.7,212.1,209.25,211.49,27627561,208.1870825844,210.5697673636,207.7403291883,209.9641683155,27627561,0.51,1.0
MSFT,2020-08-20,214.58,215.0,208.91,209.54,26981478,213.0318749688,213.4488448051,207.4027821779,208.0282369324,26981478,0.0,1.0
MSFT,2020-08-21,213.02,216.25,212.85,213.86,36249319,211.4831298623,214.689826461,211.3143563571,212.317069535,36249319,0.0,1.0
MSFT,2020-08-24,213.69,215.52,212.43,214.79,25460147,212.1482960298,213.965093174,210.8973865207,213.240359887,25460147,0.0,1.0
MSFT,2020-08-25,216.47,216.61,213.1,213.1,23043696,214.9082392324,215.0472291779,211.5625526883,211.5625526883,23043696,0.0,1.0
MSFT,2020-08-26,221.15,222.09,217.36,217.88,39600828,219.5544745519,220.4876927571,215.7918181714,216.3080665402,39600828,0.0,1.0
MSFT,2020-08-27,226.58,231.15,219.4,222.89,57602195,224.9452988649,229.4823277987,217.8171002337,221.2819210168,57602195,0.0,1.0
MSFT,2020-08-28,228.91,230.644,226.58,228.18,26292896,227.2584886714,228.9799784244,224.9452988649,226.5337553844,26292896,0.0,1.0
MSFT,2020-08-31,225.53,228.7,224.31,227.0,28774156,223.902874274,227.0500037532,222.6916761779,225.3622687012,28774156,0.0,1.0
MSFT,2020-09-01,227.27,227.45,224.43,225.51,25791235,225.6303207389,225.8090220974,222.8108104168,223.8830185675,25791235,0.0,1.0
MSFT,2020-09-02,231.65,232.86,227.35,227.97,34080839,229.978720461,231.1799907038,225.7097435649,226.3252704662,34080839,0.0,1.0
MSFT,2020-09-03,217.3,229.31,214.9602,229.27,58400288,215.7322510519,227.6556028012,213.4093319492,227.6158913883,58400288,0.0,1.0
MSFT,2020-09-04,214.25,218.3599,205.19,215.1,59664072,212.7042558116,216.7845042175,203.7096207701,213.5481233376,59664072,0.0,1.0
MSFT,2020-09-08,202.66,210.03,202.2,206.5,52924330,201.1978738987,208.5147017415,200.7411926493,205.0101695454,52924330,0.0,1.0
MSFT,2020-09-09,211.29,214.8399,206.7,207.6,45678986,209.7656112506,213.2898998747,205.2087266103,206.1022334026,45678986,0.0,1.0
MSFT,2020-09-10,205.37,214.74,204.11,213.4,35461514,203.8883221285,213.1907206207,202.6374126194,211.8603882857,35461514,0.0,1.0
MSFT,2020-09-11,204.03,208.63,201.24,207.2,33620073,202.5579897935,207.124802287,199.7881187376,205.7051192727,33620073,0.0,1.0
MSFT,2020-09-14,205.41,209.2,204.03,204.24,30375768,203.9280335415,207.690689922,202.5579897935,202.7664747116,30375768,0.0,1.0
MSFT,2020-09-15,208.78,209.78,206.93,208.42,21823942,207.2737200857,208.2665054103,205.437067235,206.9163173688,21823942,0.0,1.0
MSFT,2020-09-16,205.05,210.65,204.64,210.62,26372464,203.5706308246,209.1302286428,203.1635888415,209.1004450831,26372464,0.0,1.0
MSFT,2020-09-17,202.91,204.33,199.96,200.05,34011257,201.4460702298,202.8558253909,198.517353522,198.6067042013,34011257,0.0,1.0
MSFT,2020-09-18,200.39,203.65,196.25,202.8,55225326,198.9442512116,202.1807313701,194.8341199675,201.3368638441,55225326,0.0,1.0
MSFT,2020-09-21,202.54,202.71,196.38,197.19,39839657,201.0787396597,201.2475131649,194.9631820597,195.7673381727,39839657,0.0,1.0
MSFT,2020-09-22,207.42,208.1,202.075,205.06,33517065,205.9235320441,206.5986260649,200.6170944837,203.5805586779,33517065,0.0,1.0
MSFT,2020-09-23,200.59,208.1,200.03,207.9,30803780,199.1428082766,206.5986260649,198.5868484948,206.400069,30803780,0.0,1.0
MSFT,2020-09-24,203.19,205.57,199.2,199.85,31202493,201.7240501207,204.0868791935,197.7628366753,198.4081471363,31202493,0.0,1.0
MSFT,2020-09-25,207.82,209.04,202.54,203.55,29437312,206.320646174,207.5318442701,201.0787396597,202.0814528376,29437312,0.0,1.0
MSFT,2020-09-28,209.44,212.57,208.06,210.88,32004936,207.9289584,211.0363764662,206.5589146519,209.3585692675,32004936,0.0,1.0
MSFT,2020-09-29,207.26,210.07,206.81,209.35,24464472,205.7646863922,208.5544131545,205.3179329961,207.8396077207,24464472,0.0,1.0
MSFT,2020-09-30,210.33,211.98,206.54,207.73,33829088,208.8125373389,210.4506331246,205.0498809584,206.2312954948,33829088,0.0,1.0
MSFT,2020-10-01,212.46,213.99,211.32,213.49,27158418,210.9271700805,212.4461316272,209.7953948103,211.9497389649,27158418,0.0,1.0
MSFT,2020-10-02,206.19,210.99,205.54,208.0,33154781,204.7024060948,209.4677756532,204.0570956337,206.4993475324,33154781,0.0,1.0
MSFT,2020-10-05,210.38,210.41,206.98,207.22,21331561,208.8621766051,208.8919601649,205.4867065013,205.7249749792,21331561,0.0,1.0
MSFT,2020-10-06,205.91,210.18,204.82,208.82,28554261,204.4244262039,208.6636195402,203.3422902,207.3134314987,28554261,0.0,1.0
MSFT,2020-10-07,209.83,210.11,206.72,207.06,25681054,208.3161446766,208.5941245675,205.2285823168,205.5661293272,25681054,0.0,1.0
MSFT,2020-10-08,210.58,211.19,208.32,210.51,19925837,209.0607336701,209.6663327181,206.8170388363,208.9912386974,19925837,0.0,1.0
MSFT,2020-10-09,215.81,215.86,211.23,211.23,26458047,214.2530009181,214.3026401844,209.7060441311,209.7060441311,26458047,0.0,1.0
MSFT,2020-10-12,221.4,223.86,216.81,218.79,40461368,219.8026708831,222.2449227818,215.2457862428,217.2115011857,40461368,0.0,1.0
MSFT,2020-10-13,222.86,225.21,220.43,222.72,28950843,221.2521374571,223.5851829701,218.8396691181,221.1131475116,28950843,0.0,1.0
MSFT,2020-10-14,220.86,224.22,219.13,223.0,23451713,219.2665668077,222.6023254987,217.5490481961,221.3911274025,23451713,0.0,1.0
MSFT,2020-10-15,219.66,220.36,216.01,217.1,22733064,218.0752244181,218.7701741454,214.4515579831,215.533693987,22733064,0.0,1.0
MSFT,2020-10-16,219.66,222.29,219.32,220.15,26057882,218.0752244181,220.686249822,217.7376774077,218.5616892272,26057882,0.0,1.0
MSFT,2020-10-19,214.22,222.3,213.72,220.415,27625841,212.6744722519,220.6961776753,212.1780795896,218.8247773383,27625841,0.0,1.0
MSFT,2020-10-20,214.65,217.37,213.0901,215.8,22753511,213.1013699415,215.8017460246,211.5527241135,214.2430730649,22753511,0.0,1.0
MSFT,2020-10-21,214.8,216.92,213.12,213.12,22724906,213.2502877402,215.3549926285,211.5824083948,211.5824083948,22724906,0.0,1.0
MSFT,2020-10-22,214.89,216.055,211.7,213.93,22351450,213.3396384194,214.4962333227,210.1726532337,212.3865645077,22351450,0.0,1.0
MSFT,2020-10-23,216.23,216.28,213.16,215.03,18879608,214.6699707545,214.7196100207,211.6221198077,213.4786283649,18879608,0.0,1.0
MSFT,2020-10-26,210.08,216.3399,208.1,213.85,37111561,208.5643410077,214.7790778617,206.5986260649,212.3071416818,37111561,0.0,1.0
MSFT,2020-10-27,213.25,214.67,210.329,211.59,36700325,211.711470487,213.121225648,208.8115445536,210.063446848,36700325,0.0,1.0
MSFT,2020-10-28,202.68,208.84,202.1,207.67,51195593,201.2177296051,207.3332872051,200.6419141168,206.1717283753,51195593,0.0,1.0
MSFT,2020-10-29,204.72,207.36,203.37,204.07,31432563,203.2430116675,205.8639649246,201.9027514792,202.5977012064,31432563,0.0,1.0
MSFT,2020-10-30,202.47,204.29,199.62,203.5,36980111,201.009244687,202.8161139779,198.1798065116,202.0318135714,36980111,0.0,1.0
MSFT,2020-11-02,202.33,205.28,200.12,204.29,30842163,200.8702547415,203.7989714493,198.676199174,202.8161139779,30842163,0.0,1.0
MSFT,2020-11-03,206.43,208.12,203.12,203.89,27512030,204.9406745727,206.6184817714,201.654555148,202.418999848,27512030,0.0,1.0
MSFT,2020-11-04,216.39,218.32,212.4185,214.02,42311777,214.8288164064,216.7448920831,210.8859694895,212.475915187,42311777,0.0,1.0
MSFT,2020-11-05,223.29,224.12,221.15,222.04,36080137,221.6790351467,222.5030469662,219.5544745519,220.4380534909,36080137,0.0,1.0
MSFT,2020-11-06,223.72,224.36,218.03,222.26,25231895,222.1059328363,222.7413154441,216.4569843389,220.6564662623,25231895,0.0,1.0
MSFT,2020-11-09,218.39,228.12,217.88,224.435,44394950,216.8143870558,226.4741882649,216.3080665402,222.8157743435,44394950,0.0,1.0
MSFT,2020-11-10,211.01,216.5,209.72,214.5,44045120,209.4876313597,214.9380227922,208.2069382909,212.9524521428,44045120,0.0,1.0
MSFT,2020-11-11,216.55,218.04,212.2,212.39,29440788,214.9876620584,216.4669121922,210.6690458961,210.8576751077,29440788,0.0,1.0
MSFT,2020-11-12,215.44,219.11,214.46,217.21,21616115,213.885670348,217.5291924896,212.9127407298,215.6429003727,21616115,0.0,1.0
MSFT,2020-11-13,216.51,217.42,214.16,216.36,18630307,214.9479506454,215.8513852909,212.6149051324,214.7990328467,18630307,0.0,1.0
MSFT,2020-11-16,217.23,217.74,214.52,214.87,24953344,215.6627560792,216.1690765948,212.9723078493,213.3197827129,24953344,0.0,1.0
MSFT,2020-11-17,214.46,217.68,214.08,216.1,24154112,212.9127407298,216.1095094753,212.5354823064,214.5409086623,24154112,0.0,1.0
MSFT,2020-11-18,211.08,215.17,210.93,213.65,28372789,210.1130861142,214.1843506689,209.9637732333,212.671313475,28372789,0.56,1.0
MSFT,2020-11-19,212.42,213.03,209.93,211.38,24792746,211.446947851,212.054153567,208.9683540267,210.4117118762,24792746,0.0,1.0
MSFT,2020-11-20,210.39,213.285,210.0,212.2,22843119,209.4262468617,212.3079854646,209.0380333712,211.2279556256,22843119,0.0,1.0
MSFT,2020-11-23,210.11,212.29,208.16,210.95,25683507,209.1475294839,211.3175433541,207.2064620312,209.9836816174,25683507,0.0,1.0
MSFT,2020-11-24,213.86,214.25,208.86,209.59,33830438,212.8803515084,213.2685649989,207.9032554757,208.6299114965,33830438,0.0,1.0
MSFT,2020-11-25,213.87,215.29,212.46,215.11,21012887,212.8903057005,214.3038009737,211.4867646192,214.1246255166,21012887,0.0,1.0
MSFT,2020-11-27,215.23,216.27,214.04,214.85,14512213,214.2440758213,215.2793117961,213.0595269656,213.8658165229,14512213,0.0,1.0
MSFT,2020-11-30,214.07,214.76,210.835,214.1,33064753,213.0893895418,213.7762287943,209.8692084086,213.119252118,33064753,0.0,1.0
MSFT,2020-12-01,216.21,217.32,213.35,214.51,30498026,215.2195866437,216.324501963,212.3726877131,213.5273739926,30498026,0.0,1.0
MSFT,2020-12-02,215.37,215.47,212.8,214.88,23724509,214.3834345102,214.4829764309,211.8252071495,213.8956790991,23724509,0.0,1.0
MSFT,2020-12-03,214.24,216.3757,213.65,214.61,25120922,213.2586108069,215.3845276063,212.671313475,213.6269159133,25120922,0.0,1.0
MSFT,2020-12-04,214.36,215.38,213.18,214.22,24666039,213.3780611117,214.3933887023,212.203466448,213.2387024227,24666039,0.0,1.0
MSFT,2020-12-07,214.29,215.54,212.99,214.37,24619997,213.3083817672,214.5526557754,212.0143367987,213.3880153037,24619997,0.0,1.0
MSFT,2020-12-08,216.01,216.95,212.89,213.97,23284094,215.0205028024,215.9561968566,211.9147948781,212.9898476211,23284094,0.0,1.0
MSFT,2020-12-09,211.8,215.225,211.214,215.16,32440603,210.8297879429,214.2390987253,210.2464722879,214.1743964769,32440603,0.0,1.0
MSFT,2020-12-10,210.52,213.08,210.36,211.77,26467017,209.5556513586,212.1039245273,209.3963842855,210.7999253667,26467017,0.0,1.0
MSFT,2020-12-11,213.26,213.32,209.11,210.05,30979440,212.2830999845,212.3428251369,208.1521102774,209.0878043315,30979440,0.0,1.0
MSFT,2020-12-14,214.2,216.21,212.88,213.1,28798379,213.2187940386,215.2195866437,211.904840686,212.1238329114,28798379,0.0,1.0
MSFT,2020-12-15,214.13,215.42,212.24,215.165,27018106,213.1491146942,214.4332054706,211.2677723938,214.1793735729,27018106,0.0,1.0
MSFT,2020-12-16,219.28,220.11,214.72,214.75,35023253,218.2755236078,219.1017215492,213.736412026,213.7662746022,35023253,0.0,1.0
MSFT,2020-12-17,219.42,220.89,217.92,219.87,32515784,218.4148822967,219.8781485303,216.9217534869,218.8628209396,32515784,0.0,1.0
MSFT,2020-12-18,218.59,219.69,216.02,218.59,63354922,217.5886843553,218.6836454825,215.0304569945,217.5886843553,63354922,0.0,1.0
MSFT,2020-12-21,222.59,224.0,217.2801,217.55,37181886,221.5703611814,222.9739022626,216.2847847366,216.5534483805,37181886,0.0,1.0
MSFT,2020-12-22,223.94,225.63,221.85,222.69,22643397,222.9141771102,224.5964355692,220.8337509686,221.669903102,22643397,0.0,1.0
MSFT,2020-12-23,221.02,223.5589,220.8,223.11,18699638,220.0075530271,222.5348228506,219.7885608017,222.0879791688,18699638,0.0,1.0
MSFT,2020-12-24,222.75,223.61,221.2,221.42,10550572,221.7296282544,222.5856887721,220.1867284843,220.4057207098,10550572,0.0,1.0
MSFT,2020-12-28,224.96,226.03,223.02,224.45,17762701,223.9295047009,224.9946032519,221.9983914402,223.4218409055,17762701,0.0,1.0
MSFT,2020-12-29,224.15,227.18,223.58,226.31,17403213,223.1232151436,226.1393353394,222.5558261959,225.2733206297,17403213,0.0,1.0
MSFT,2020-12-30,221.68,225.63,221.47,225.23,20272337,220.6645297035,224.5964355692,220.4554916701,224.1982678866,20272337,0.0,1.0
MSFT,2020-12-31,222.42,223.0,219.68,221.7,20942132,221.4011399163,221.9784830561,218.6736912904,220.6844380876,20942132,0.0,1.0
